{
  "options": {
    "services": {
      "Tumblr": {
        "regular": "default",
        "photo": "default",
        "quote": "default",
        "link": "default",
        "video": "default",
        "audio": null,
        "conversation": "disabled",
        "favorite": "default"
      },
      "Tumblr - 001ktkr": {
        "regular": "enabled",
        "photo": "enabled",
        "quote": "enabled",
        "link": "enabled",
        "video": "enabled",
        "audio": null,
        "conversation": "disabled",
        "favorite": "enabled"
      },
      "4u": {
        "regular": null,
        "photo": "disabled",
        "quote": null,
        "link": null,
        "video": null,
        "audio": null,
        "conversation": null,
        "favorite": "disabled"
      },
      "FFFFOUND": {
        "regular": null,
        "photo": "disabled",
        "quote": null,
        "link": null,
        "video": null,
        "audio": null,
        "conversation": null,
        "favorite": "disabled"
      },
      "Local": {
        "regular": null,
        "photo": "enabled",
        "quote": null,
        "link": null,
        "video": null,
        "audio": null,
        "conversation": null,
        "favorite": null
      },
      "HatenaFotolife": {
        "regular": null,
        "photo": "disabled",
        "quote": null,
        "link": null,
        "video": null,
        "audio": null,
        "conversation": null,
        "favorite": null
      },
      "HatenaBookmark": {
        "regular": null,
        "photo": "disabled",
        "quote": "disabled",
        "link": "disabled",
        "video": "disabled",
        "audio": null,
        "conversation": "disabled",
        "favorite": null
      },
      "Pinboard": {
        "regular": null,
        "photo": "disabled",
        "quote": "disabled",
        "link": "disabled",
        "video": "disabled",
        "audio": null,
        "conversation": "disabled",
        "favorite": null
      },
      "Delicious": {
        "regular": null,
        "photo": "disabled",
        "quote": "disabled",
        "link": "disabled",
        "video": "disabled",
        "audio": null,
        "conversation": "disabled",
        "favorite": null
      },
      "GoogleBookmarks": {
        "regular": null,
        "photo": "disabled",
        "quote": "disabled",
        "link": "disabled",
        "video": "disabled",
        "audio": null,
        "conversation": "disabled",
        "favorite": null
      },
      "GoogleCalendar": {
        "regular": "enabled",
        "photo": null,
        "quote": null,
        "link": "enabled",
        "video": null,
        "audio": null,
        "conversation": null,
        "favorite": null
      },
      "ChromeBookmark": {
        "regular": null,
        "photo": null,
        "quote": null,
        "link": "enabled",
        "video": null,
        "audio": null,
        "conversation": null,
        "favorite": null
      },
      "Evernote": {
        "regular": "enabled",
        "photo": null,
        "quote": "enabled",
        "link": "enabled",
        "video": "enabled",
        "audio": null,
        "conversation": "enabled",
        "favorite": null
      },
      "FriendFeed": {
        "regular": null,
        "photo": "disabled",
        "quote": "disabled",
        "link": "disabled",
        "video": "disabled",
        "audio": null,
        "conversation": "disabled",
        "favorite": null
      },
      "Twitter": {
        "regular": "enabled",
        "photo": "enabled",
        "quote": "enabled",
        "link": "enabled",
        "video": "enabled",
        "audio": null,
        "conversation": "enabled",
        "favorite": "enabled"
      },
      "Instapaper": {
        "regular": null,
        "photo": null,
        "quote": "disabled",
        "link": "disabled",
        "video": null,
        "audio": null,
        "conversation": null,
        "favorite": null
      },
      "Pocket": {
        "regular": null,
        "photo": null,
        "quote": "enabled",
        "link": "enabled",
        "video": null,
        "audio": null,
        "conversation": null,
        "favorite": null
      },
      "YahooBookmarks": {
        "regular": null,
        "photo": "disabled",
        "quote": "disabled",
        "link": "disabled",
        "video": "disabled",
        "audio": null,
        "conversation": "disabled",
        "favorite": null
      },
      "gist": {
        "regular": "disabled",
        "photo": null,
        "quote": "disabled",
        "link": null,
        "video": null,
        "audio": null,
        "conversation": null,
        "favorite": null
      },
      "PickNaver": {
        "regular": "disabled",
        "photo": "disabled",
        "quote": "disabled",
        "link": "disabled",
        "video": "disabled",
        "audio": null,
        "conversation": null,
        "favorite": null
      },
      "Diigo": {
        "regular": null,
        "photo": "disabled",
        "quote": "disabled",
        "link": "disabled",
        "video": "disabled",
        "audio": null,
        "conversation": "disabled",
        "favorite": null
      },
      "Gmail": {
        "regular": "enabled",
        "photo": "enabled",
        "quote": "enabled",
        "link": "enabled",
        "video": "enabled",
        "audio": null,
        "conversation": null,
        "favorite": null
      },
      "Pinterest": {
        "regular": null,
        "photo": "disabled",
        "quote": null,
        "link": null,
        "video": null,
        "audio": null,
        "conversation": null,
        "favorite": null
      },
      "Gyazo": {
        "regular": null,
        "photo": "disabled",
        "quote": null,
        "link": null,
        "video": null,
        "audio": null,
        "conversation": null,
        "favorite": null
      },
      "mixi": {
        "regular": null,
        "photo": null,
        "quote": null,
        "link": "disabled",
        "video": null,
        "audio": null,
        "conversation": null,
        "favorite": null
      }
    },
    "post": {
      "tag_provider": "HatenaBookmark",
      "tag_auto_complete": true,
      "notification_on_posting": true,
      "check_https": true,
      "ldr_plus_taberareloo": false,
      "disable_tumblr_default_keybind": false,
      "dashboard_plus_taberareloo": false,
      "dashboard_plus_taberareloo_manually": false,
      "play_on_tumblr_play": false,
      "play_on_tumblr_like": false,
      "play_on_tumblr_count": false,
      "shortcutkey_ldr_plus_taberareloo": "T",
      "shortcutkey_dashboard_plus_taberareloo": "T",
      "shortcutkey_dashboard_plus_taberareloo_manually": "SHIFT + T",
      "shortcutkey_play_on_tumblr_play": "RETURN",
      "shortcutkey_play_on_tumblr_like": "",
      "shortcutkey_play_on_tumblr_count": "",
      "keyconfig": false,
      "evernote_clip_fullpage": true,
      "remove_hatena_keyword": false,
      "tumblr_default_quote": false,
      "shortcutkey_linkquickpost": "",
      "shortcutkey_quotequickpost": "",
      "always_shorten_url": false,
      "multi_tumblelogs": true,
      "post_with_queue": false,
      "not_queue_reblog_post": false,
      "enable_hatenablog": false,
      "enable_webhook": false,
      "webhook_url": ""
    },
    "entry": {
      "amazon_affiliate_id": "",
      "thumbnail_template": "",
      "twitter_template": "",
      "trim_reblog_info": false,
      "append_content_source": true,
      "not_convert_text": true,
      "tumblr2twitter": false,
      "tumblr2facebook": false
    }
  },
  "patches_preferences": {
    "menu.preset.models.tbrl.js": {
      "disabled": false
    },
    "patch.extractor.nicovideo.extract.tbrl.js": {
      "disabled": false,
      "origin": "https://raw.github.com/YungSang/patches-for-taberareloo/master/patches/patch.extractor.nicovideo.extract.tbrl.js"
    },
    "patch.model.delicious.tbrl.js": {
      "disabled": false,
      "origin": "https://raw.github.com/YungSang/patches-for-taberareloo/master/patches/patch.model.delicious.tbrl.js"
    },
    "patch.model.googleplus.post.fullimage.tbrl.js": {
      "disabled": false,
      "origin": "https://raw.github.com/YungSang/patches-for-taberareloo/master/patches/patch.model.googleplus.post.fullimage.tbrl.js"
    },
    "patch.tumblr.getform.tbrl.js": {
      "disabled": false,
      "origin": "https://raw.github.com/YungSang/patches-for-taberareloo/master/patches/patch.tumblr.getform.tbrl.js"
    },
    "patch.util.checkhttps.tbrl.js": {
      "disabled": false,
      "origin": "https://raw.github.com/YungSang/patches-for-taberareloo/master/patches/patch.util.checkhttps.tbrl.js"
    },
    "patch.model.twitter.createstatus.tbrl.js": {
      "disabled": false,
      "origin": "https://raw.github.com/YungSang/patches-for-taberareloo/master/patches/patch.model.twitter.createstatus.tbrl.js"
    },
    "menu.capture.window.tbrl.js": {
      "disabled": false,
      "origin": "https://raw.github.com/YungSang/patches-for-taberareloo/master/others/menu.capture.window.tbrl.js"
    },
    "menu.view.tumblr.dashboard.tbrl.js": {
      "disabled": false,
      "origin": "https://raw.github.com/YungSang/patches-for-taberareloo/master/others/menu.view.tumblr.dashboard.tbrl.js"
    },
    "extractor.feedly.tbrl.js": {
      "disabled": false,
      "origin": "https://raw.github.com/YungSang/patches-for-taberareloo/master/extractors/extractor.feedly.tbrl.js"
    }
  },
  "popup_position": {
    "top": 145,
    "left": 1220
  },
  "private": true
}